name,symbol,molecular_weight,hydropathy_index
Alanine,A,89.09,1.8
Arginine,R,174.20,-4.5
Asparagine,N,132.12,-3.5
Aspartic_acid,D,133.10,-3.5
Cysteine,C,121.15,2.5
Glutamic_acid,E,147.13,-3.5
Glutamine,Q,146.15,-3.5
Glycine,G,75.07,-0.4
Histidine,H,155.16,-3.2
Isoleucine,I,131.17,4.5
Leucine,L,131.17,3.8
Lysine,K,146.19,-3.9
Methionine,M,149.21,1.9
Phenylalanine,F,165.19,2.8
Proline,P,115.13,-1.6
Serine,S,105.09,-0.8
Threonine,T,119.12,-0.7
Tryptophan,W,204.23,-0.9
Tyrosine,Y,181.19,-1.3
Valine,V,117.15,4.2
